Outlet,Group 1 Wins,Group 2 Wins,Full Address,Postal Code,Area,Latitude,Longitude,Group 1 Percentile Rank,Group 2 Percentile Rank,Luckiness
Singapore Pools Account Betting Service,98,580,"Central Catchment Nature Reserve, Pan-Island Expressway, Singapore 588186, Singapore",588186.0,Bukit Timah,1.3749916,103.8033,100.0,100.0,10.0
Delisia Agency Pte Ltd,18,79,"Fu Lu Shou Complex, 149 Rochor Road, Singapore 188425, Singapore",188425.0,Rochor,1.3012117,103.8545325,99.71830985915493,99.43661971830986,9.957746478873238
Tong Aik Huat,14,102,"685 Hougang Street 61, Singapore 530685, Singapore",530685.0,Hougang,1.374993,103.8858538,99.29577464788733,99.71830985915493,9.950704225352112
NTUC FP Nex,14,58,"325 Serangoon Avenue 3, Singapore 550325, Singapore",550325.0,Serangoon,1.3506853,103.8694,99.29577464788733,98.45070422535211,9.887323943661972
Singapore Pools Suntec City,13,27,"Suntec City, 3 Temasek Boulevard, Singapore 038983, Singapore",38983.0,Downtown Core,1.295664,103.8585812,98.59154929577466,77.1830985915493,8.788732394366198
Singapore Pools King George's Ave Branch,13,28,"803 King George's Avenue, Singapore 200803, Singapore",200803.0,Kallang,1.3080582,103.8611995,98.59154929577466,79.01408450704224,8.880281690140844
Fatt Chye Heng Trading,13,42,"7 Hougang Avenue 3, Singapore 531376, Singapore",531376.0,Hougang,1.3622768,103.8932954,98.59154929577466,94.50704225352112,9.654929577464788
Tan Wee Fong Trading,12,58,"24 Bendemeer Road, Singapore 330024, Singapore",330024.0,Kallang,1.3185181,103.8625287,97.88732394366197,98.45070422535211,9.816901408450704
Mee Lee Cheong Pte Ltd,12,44,"139 Tampines Street 11, Singapore 521139, Singapore",521139.0,Tampines,1.3460554,103.9446434,97.88732394366197,95.35211267605634,9.661971830985916
Singapore Pools Lor 1 Toa Payoh Branch,11,33,"111 Lorong 1 Toa Payoh, Singapore 310111, Singapore",310111.0,Toa Payoh,1.3412566,103.8456517,97.04225352112677,85.91549295774648,9.147887323943662
Singapore Pools Clementi N7 Branch,11,28,"722 Clementi West Street 2, Singapore 120722, Singapore",120722.0,Clementi,1.302885,103.7637968,97.04225352112677,79.01408450704224,8.802816901408452
NTUC FP Tampines Mall,11,40,"Tampines Mall, 4 Tampines Central 5, Singapore 529509, Singapore",529509.0,Tampines,1.3523484,103.944448,97.04225352112677,92.53521126760563,9.47887323943662
Ng Teo Guan Self Service,11,59,"301 Ubi Avenue 1, Singapore 400301, Singapore",400301.0,Geylang,1.3307113,103.9020287,97.04225352112677,98.87323943661971,9.795774647887324
Singapore Pools Whampoa Dr Branch,10,40,"88 Whampoa Drive, Singapore 320089, Singapore",320089.0,Novena,1.323243,103.8552345,95.35211267605634,92.53521126760563,9.394366197183098
Singapore Pools Tanjong Pagar Branch,10,47,"Tanjong Pagar Plaza, 1 Tanjong Pagar Road, Singapore 082001, Singapore",82001.0,Outram,1.2754372,103.8429027,95.35211267605634,96.61971830985917,9.598591549295776
Singapore Pools Hougang N2 Branch,10,48,"211 Hougang Street 21, Singapore 530211, Singapore",530211.0,Hougang,1.3598611,103.8878231,95.35211267605634,96.90140845070422,9.612676056338028
Singapore Pools Hougang N1 Branch,10,34,"941 Upper Serangoon Road, Singapore 534711, Singapore",534711.0,Hougang,1.3612182,103.8862529,95.35211267605634,87.04225352112675,9.119718309859156
NTUC FP AMK Hub,10,43,"Ang Mo Kio Hub, 53 Ang Mo Kio Avenue 3, Singapore 569933, Singapore",569933.0,Ang Mo Kio,1.3690023,103.8481594,95.35211267605634,94.92957746478872,9.514084507042252
Laura's Gifts,10,25,"442 Pasir Ris Drive 6, Singapore 510442, Singapore",510442.0,Pasir Ris,1.3688937,103.9582616,95.35211267605634,73.80281690140845,8.457746478873238
7-Eleven Yishun Ring Road,10,44,"760 Yishun Avenue 3, Singapore 760774, Singapore",760774.0,Yishun,1.4260651,103.8321027,95.35211267605634,95.35211267605634,9.535211267605634
7-Eleven Eunos Crescent,10,28,"5 Eunos Crescent, Singapore 400005, Singapore",400005.0,Geylang,1.3215159,103.9037403,95.35211267605634,79.01408450704224,8.718309859154928
Tampines Trading 828,9,40,"828 Tampines Street 81, Singapore 520828, Singapore",520828.0,Tampines,1.3488425,103.9352547,92.95774647887323,92.53521126760563,9.274647887323942
Singapore Pools Yishun N1 Branch,9,42,"Yishun Avenue 5, Singapore 768794, Singapore",768794.0,Yishun,1.430368,103.8353628,92.95774647887323,94.50704225352112,9.373239436619718
Singapore Pools Teck Whye Branch,9,31,"141 Teck Whye Lane, Singapore 680141, Singapore",680141.0,Choa Chu Kang,1.3804868,103.7523188,92.95774647887323,83.38028169014085,8.816901408450704
Singapore Pools IMM Branch,9,35,"IMM, 2 Jurong East Street 21, Singapore 609601, Singapore",609601.0,Jurong East,1.334992,103.747156,92.95774647887323,88.02816901408451,9.049295774647888
Singapore Pools Bencoolen Branch,9,39,"The Bencoolen, Seah Street, Singapore 188382, Singapore",188382.0,Downtown Core,1.3019569,103.8531623,92.95774647887323,91.40845070422536,9.21830985915493
Rangoon Provision Shop,9,27,"681 Race Course Road, Singapore 218123, Singapore",218123.0,Kallang,1.3139744,103.8550342,92.95774647887323,77.1830985915493,8.507042253521126
NTUC FP Toa Payoh HDB Centre,9,25,"Toa Payoh East, Singapore 311019, Singapore",311019.0,Toa Payoh,1.3343035,103.8563265,92.95774647887323,73.80281690140845,8.338028169014084
NTUC FP Jurong East Gateway Road,9,38,"JEM, 50 Jurong Gateway Road, Singapore 608549, Singapore",608549.0,Jurong East,1.3328572,103.7435522,92.95774647887323,90.70422535211267,9.183098591549296
Jake Merchandise Associates,9,29,"504 Tampines Central 1, Singapore 520501, Singapore",520501.0,Tampines,1.3564777,103.9456697,92.95774647887323,80.70422535211267,8.683098591549296
Wanrise,8,32,"47 Sims Place, Singapore 380047, Singapore",380047.0,Geylang,1.3179319,103.8790692,89.85915492957747,84.64788732394366,8.725352112676058
Tan Boon Tin Agency,8,23,"56 Marine Crescent, Singapore 440056, Singapore",440056.0,Marine Parade,1.3056035,103.9153585,89.85915492957747,70.28169014084507,8.007042253521126
Singapore Pools Tampines Mart Branch,8,19,"Tampines Mart, Tampines Street 34, Singapore 520358, Singapore",520358.0,Tampines,1.3544742,103.9602966,89.85915492957747,60.70422535211267,7.528169014084507
Singapore Pools Lor 8 Toa Payoh Branch,8,24,"212 Lorong 8 Toa Payoh, Singapore 310212, Singapore",310212.0,Toa Payoh,1.3406805,103.8542859,89.85915492957747,71.9718309859155,8.09154929577465
Singapore Pools Jurong West N4 Branch,8,41,"498 Jurong West Street 41, Singapore 640498, Singapore",640498.0,Jurong West,1.3488039,103.7244554,89.85915492957747,93.80281690140845,9.183098591549296
Singapore Pools Chinatown Branch,8,54,"3 McCallum Street, Singapore 069047, Singapore",69047.0,Downtown Core,1.2796704,103.8475525,89.85915492957747,97.74647887323944,9.380281690140844
PFG Framing & Trading,8,33,"960 Jurong West Street 92, Singapore 640960, Singapore",640960.0,Jurong West,1.3413833,103.6917323,89.85915492957747,85.91549295774648,8.788732394366198
NTUC FP Yishun MRT Station,8,30,"Yishun Avenue 2, Singapore 769093, Singapore",769093.0,Yishun,1.429387,103.8350907,89.85915492957747,81.97183098591549,8.591549295774648
NTUC FP Lot 1 Shoppers Mall,8,24,"Lot One Shoppers' Mall, 21 Choa Chu Kang Avenue 4, Singapore 689812, Singapore",689812.0,Choa Chu Kang,1.384959,103.7451389,89.85915492957747,71.9718309859155,8.09154929577465
NTUC FP Bukit Batok MRT Station,8,23,"10 Bukit Batok Central, Singapore 659958, Singapore",659958.0,Bukit Batok,1.3490579,103.7496251,89.85915492957747,70.28169014084507,8.007042253521126
NTUC FP Bedok North St 4,8,13,"89 Bedok North Avenue 4, Singapore 460089, Singapore",460089.0,Bedok,1.3320812,103.9382634,89.85915492957747,40.985915492957744,6.542253521126762
Livewire (Singapore Pools),8,32,"Hotel Clover Hongkong Street, Central Water Catchment, Singapore",,Central Water Catchment,1.352083,103.819836,89.85915492957747,84.64788732394366,8.725352112676058
Cheers Harbourfront Centre,8,25,"HarbourFront Centre, 2 Maritime Square, Singapore 099253, Singapore",99253.0,Bukit Merah,1.2643689,103.8200727,89.85915492957747,73.80281690140845,8.183098591549296
Singapore Pools Serangoon Central Branch,7,36,"254 Serangoon Central Drive, Singapore 550254, Singapore",550254.0,Serangoon,1.3541926,103.8711495,85.77464788732394,89.1549295774648,8.746478873239436
Singapore Pools New Upper Changi Branch,7,19,"26 New Upper Changi Road, Singapore 462026, Singapore",462026.0,Bedok,1.3232231,103.9341789,85.77464788732394,60.70422535211267,7.32394366197183
Singapore Pools Lucky Plaza Branch,7,45,"Lucky Plaza, 304 Orchard Road, Singapore 238863, Singapore",238863.0,Orchard,1.3046391,103.8341137,85.77464788732394,96.05633802816902,9.091549295774648
Singapore Pools Jurong West N5 Branch,7,45,"508 Jurong West Avenue 1, Singapore 640508, Singapore",640508.0,Jurong West,1.3487409,103.7185553,85.77464788732394,96.05633802816902,9.091549295774648
Singapore Pools Holland Drive Branch,7,45,"46 Holland Drive, Singapore 270046, Singapore",270046.0,Queenstown,1.3088172,103.7927834,85.77464788732394,96.05633802816902,9.091549295774648
Singapore Pools Clementi N3 Branch,7,28,"325 Clementi Avenue 5, Singapore 120325, Singapore",120325.0,Clementi,1.3149354,103.7668267,85.77464788732394,79.01408450704224,8.239436619718308
Singapore Pools Ang Mo Kio N7 Branch,7,41,"726 Ang Mo Kio Avenue 6, Singapore 560726, Singapore",560726.0,Ang Mo Kio,1.372754,103.8464776,85.77464788732394,93.80281690140845,8.97887323943662
Singapore Pools Anchorvale Rd Branch,7,19,"308 Anchorvale Road, Singapore 540308, Singapore",540308.0,Seng Kang,1.3895484,103.8862946,85.77464788732394,60.70422535211267,7.32394366197183
NTUC FP Tanjong Pagar Plaza,7,18,"Tanjong Pagar Plaza, 1 Tanjong Pagar Road, Singapore 082001, Singapore",82001.0,Outram,1.2758753,103.8430795,85.77464788732394,57.183098591549296,7.147887323943661
NTUC FP Jurong Point,7,72,"Jurong Point, 1 Jurong West Central 2, Singapore 648886, Singapore",648886.0,Jurong West,1.340096,103.7070117,85.77464788732394,99.15492957746478,9.246478873239436
NTUC FP Clementi Avenue 3,7,26,"451 Clementi Avenue 3, Singapore 120451, Singapore",120451.0,Clementi,1.3127067,103.7656936,85.77464788732394,75.77464788732394,8.077464788732394
Livewire (Resorts World Sentosa),7,35,"Resorts World Sentosa, 8 Sentosa Gateway, Singapore 098269, Singapore",98269.0,Southern Islands,1.2569732,103.8199962,85.77464788732394,88.02816901408451,8.690140845070422
Livewire (Marina Bay Sands),7,25,"Ippudo, 2 Bayfront Avenue, Singapore 018972, Singapore",18972.0,Downtown Core,1.2849822,103.8603664,85.77464788732394,73.80281690140845,7.978873239436619
Lee Eng Trading Store,7,30,"201B Tampines Street 21, Singapore 522201, Singapore",522201.0,Tampines,1.353252,103.9530247,85.77464788732394,81.97183098591549,8.387323943661972
Giant Sunshine Place,7,23,"458 Choa Chu Kang Avenue 4, Singapore 680458, Singapore",680458.0,Choa Chu Kang,1.3781087,103.7362,85.77464788732394,70.28169014084507,7.802816901408451
Evercool Engineering,7,23,"95 Lorong 4 Toa Payoh, Singapore 310095, Singapore",310095.0,Toa Payoh,1.3392316,103.849046,85.77464788732394,70.28169014084507,7.802816901408451
Xie Sheng Dept Service Co,6,22,"632 Bedok Reservoir Road, Singapore 470632, Singapore",470632.0,Bedok,1.332397,103.9146989,79.85915492957747,67.6056338028169,7.373239436619718
Vitatron & Medical Co,6,22,"60 Smith Street, Singapore 058968, Singapore",58968.0,Outram,1.2828995,103.8433133,79.85915492957747,67.6056338028169,7.373239436619718
Tay Sui Lan Agency,6,34,"The Arcade, 11 Collyer Quay, Singapore 049317, Singapore",49317.0,Downtown Core,1.2837058,103.8518051,79.85915492957747,87.04225352112675,8.345070422535212
Soh Choo Trading,6,28,"19 Marsiling Lane, Singapore 730019, Singapore",730019.0,Woodlands,1.4434316,103.7773369,79.85915492957747,79.01408450704224,7.943661971830986
Singapore Pools Woodlands N3 Branch,6,35,"305 Woodlands Street 31, Singapore 730305, Singapore",730305.0,Woodlands,1.4304237,103.7739168,79.85915492957747,88.02816901408451,8.3943661971831
Singapore Pools Tampines N4 Branch,6,15,"481 Tampines Street 44, Singapore 520481, Singapore",520481.0,Tampines,1.3616519,103.9532662,79.85915492957747,48.02816901408451,6.394366197183099
Singapore Pools Pasir Ris N2 Branch,6,33,"Pasir Ris Drive 1, Singapore 518070, Singapore",518070.0,Pasir Ris,1.3720937,103.9473728,79.85915492957747,85.91549295774648,8.288732394366198
Singapore Pools Lor 25A Geylang Branch,6,40,"Singapore Pools, Lorong 25A Geylang, Singapore 388250, Singapore",388250.0,Geylang,1.3155499,103.8831957,79.85915492957747,92.53521126760563,8.619718309859156
Singapore Pools Hougang N3 Branch,6,17,"322 Hougang Avenue 5, Singapore 530322, Singapore",530322.0,Hougang,1.3670641,103.8975025,79.85915492957747,54.7887323943662,6.732394366197184
Singapore Pools Gek Poh Shopping Centre,6,36,"Gek Poh Shopping Centre, 762 Jurong West Street 75, Singapore 640762, Singapore",640762.0,Jurong West,1.3492289,103.6974381,79.85915492957747,89.1549295774648,8.450704225352114
Singapore Pools Bishan N2 Branch,6,25,"Suwen TCM Clinic Pte Ltd, 215H Upper Thomson Road, Singapore 574355, Singapore",574355.0,Bishan,1.3525845,103.8352116,79.85915492957747,73.80281690140845,7.683098591549296
Singapore Pools Bedok Town Centre Branch,6,41,"212 Bedok North Street 1, Singapore 460212, Singapore",460212.0,Bedok,1.3259118,103.9315981,79.85915492957747,93.80281690140845,8.683098591549296
Singapore Pools Ang Mo Kio N6 Branch,6,28,"630 Ang Mo Kio Street 61, Singapore 560632, Singapore",560632.0,Ang Mo Kio,1.3804423,103.841199,79.85915492957747,79.01408450704224,7.943661971830986
Singapore Pools Ang Mo Kio N2 Branch,6,31,"North-South Corridor, Singapore 560728, Singapore",560728.0,Ang Mo Kio,1.3691149,103.8454342,79.85915492957747,83.38028169014085,8.161971830985916
Seah Koon Huat (Bukit Merah View),6,21,"116 Bukit Merah View, Singapore 150116, Singapore",150116.0,Bukit Merah,1.2850887,103.8212897,79.85915492957747,64.92957746478874,7.23943661971831
Prime Punggol Field,6,19,"Blk 102B, 102B Punggol Field, Singapore 820198, Singapore",820198.0,Punggol,1.399453,103.905639,79.85915492957747,60.70422535211267,7.028169014084507
NTUC FP Sun Plaza,6,27,"Sun Plaza, 30 Sembawang Drive, Singapore 757713, Singapore",757713.0,Sembawang,1.4481787,103.8194632,79.85915492957747,77.1830985915493,7.852112676056339
NTUC FP Serangoon North Avenue 1,6,22,"152B Serangoon North Avenue 1, Singapore 550152, Singapore",550152.0,Serangoon,1.3698238,103.8728765,79.85915492957747,67.6056338028169,7.373239436619718
NTUC FP Bukit Merah Central,6,29,"166 Bukit Merah Central, Singapore 150166, Singapore",150166.0,Bukit Merah,1.2831068,103.8178359,79.85915492957747,80.70422535211267,8.028169014084508
Metro Woodlands,6,22,"101 Woodlands Street 13, Singapore 730101, Singapore",730101.0,Woodlands,1.4361425,103.783,79.85915492957747,67.6056338028169,7.373239436619718
Kis Store,6,15,"Spectacle Culture, South Bridge Road, Singapore 058727, Singapore",58727.0,Outram,1.2846544,103.8468237,79.85915492957747,48.02816901408451,6.394366197183099
Hin Teck Leong Trading Company,6,0,"Little India, Rochor Canal Road, Singapore 188505, Singapore",188505.0,Rochor,1.3078063,103.8522,79.85915492957747,0.5633802816901409,4.021126760563381
Chua Yan Kee,6,8,"49 Commonwealth Drive, Singapore 142049, Singapore",142049.0,Queenstown,1.3006782,103.7972567,79.85915492957747,24.929577464788732,5.23943661971831
Chng Siow Eng Agency,6,22,"Elias Mall, 625 Elias Road, Singapore 510625, Singapore",510625.0,Pasir Ris,1.3786144,103.9420438,79.85915492957747,67.6056338028169,7.373239436619718
Cheers Hougang Central,6,31,"811, CP, Singapore 530809, Singapore",530809.0,Hougang,1.3715527,103.8936459,79.85915492957747,83.38028169014085,8.161971830985916
Cheers Changi Village Road,6,36,"4 Changi Village Road, Singapore 500004, Singapore",500004.0,Changi,1.3891466,103.9874204,79.85915492957747,89.1549295774648,8.450704225352114
Wong Teck Chow Enterprise (Pte) Ltd,5,4,"Golden Landmark Shopping Centre, 390 Victoria Street, Singapore 188061, Singapore",188061.0,Rochor,1.3020404,103.8576952,71.83098591549296,15.352112676056336,4.359154929577465
Teo Sook Cheng Agency,5,53,"#01-261 Blk 293 Yishun St 22, Singapore 760264, Singapore",760264.0,Yishun,1.4359338,103.8380677,71.83098591549296,97.46478873239437,8.464788732394366
Singapore Pools Woodlands N5 Branch,5,28,"#01-37 Blk 548 Woodlands Drive 44, Vista Point, Singapore 730530, Singapore",730530.0,Woodlands,1.4313546,103.7940534,71.83098591549296,79.01408450704224,7.54225352112676
Singapore Pools Woodlands 888 Branch,5,37,"Woodlands Avenue 2, Singapore 738526, Singapore",738526.0,Woodlands,1.4381922,103.7889597,71.83098591549296,90.0,8.091549295774648
Singapore Pools Siglap Branch,5,16,"697D East Coast Road, Singapore 459062, Singapore",459062.0,Frankel,1.3120257,103.9221698,71.83098591549296,52.112676056338024,6.197183098591549
Singapore Pools Potong Pasir Branch,5,12,"62 Potong Pasir Avenue 1, Singapore 350121, Singapore",350121.0,Toa Payoh,1.3360597,103.8648815,71.83098591549296,37.74647887323944,5.47887323943662
Singapore Pools Jurong West N2 Branch,5,14,"Boon Lay Way, Singapore 642697, Singapore",642697.0,Jurong West,1.3403898,103.7089875,71.83098591549296,43.94366197183099,5.788732394366198
Singapore Pools Jurong East Branch,5,37,"351 Jurong East Street 31, Singapore 600351, Singapore",600351.0,Jurong East,1.3447228,103.7308172,71.83098591549296,90.0,8.091549295774648
Singapore Pools Clementi Town Centre Branch,5,52,"446 Clementi Avenue 3, Singapore 120446, Singapore",120446.0,Clementi,1.3123803,103.764809,71.83098591549296,97.1830985915493,8.450704225352112
Singapore Pools Choa Chu Kang Branch,5,38,"689B Choa Chu Kang Drive, Singapore 681672, Singapore",681672.0,Yew Tee,1.4030224,103.7497915,71.83098591549296,90.70422535211267,8.126760563380282
Singapore Pools Bukit Panjang Branch,5,35,"Blk 257 Bangkit Road, Singapore 670256, Singapore",670256.0,Bukit Panjang,1.3785549,103.7729193,71.83098591549296,88.02816901408451,7.992957746478874
Singapore Pools Ang Mo Kio N4 Branch,5,36,"447 Ang Mo Kio Avenue 10, Singapore 560447, Singapore",560447.0,Ang Mo Kio,1.3674091,103.8560374,71.83098591549296,89.1549295774648,8.049295774647888
Singapore Pools 64 Circuit Rd Branch,5,10,"64 Circuit Road, Singapore 370064, Singapore",370064.0,Geylang,1.3271128,103.8871285,71.83098591549296,29.718309859154928,5.077464788732394
Sheng Siong Junction 9,5,10,"Junction Nine, Yishun Avenue 9, Singapore 768897, Singapore",768897.0,Yishun,1.4332086,103.8419101,71.83098591549296,29.718309859154928,5.077464788732394
Prime Chai Chee,5,11,"750B Chai Chee Road, Singapore 460027, Singapore",460027.0,Bedok,1.3232446,103.9215,71.83098591549296,33.80281690140845,5.28169014084507
NTUC FP Yishun Ring Rd,5,26,"414 Yishun Ring Road, Singapore 760413, Singapore",760413.0,Yishun,1.4245498,103.8466415,71.83098591549296,75.77464788732394,7.380281690140845
NTUC FP White Sands,5,31,"570 Pasir Ris Street 53, Singapore 510570, Singapore",510570.0,Pasir Ris,1.3725642,103.9469,71.83098591549296,83.38028169014085,7.76056338028169
NTUC FP Havelock Road,5,4,"50 Beo Crescent, Singapore 160050, Singapore",160050.0,Bukit Merah,1.2898284,103.8267171,71.83098591549296,15.352112676056336,4.359154929577465
NTUC FP Boon Lay Place,5,40,"Jalan Buroh, Singapore 619175, Singapore",619175.0,Boon Lay,1.3142556,103.7093099,71.83098591549296,92.53521126760563,8.21830985915493
Ng Nam Thye Trading,5,21,"Taman Jurong Shopping Centre, 399 Yung Sheng Road, Singapore 610399, Singapore",610399.0,Jurong West,1.3345709,103.72059,71.83098591549296,64.92957746478874,6.838028169014085
Nan Huat Wine Store,5,32,"513 Bishan Street 13, Singapore 570513, Singapore",570513.0,Bishan,1.3495879,103.8494614,71.83098591549296,84.64788732394366,7.82394366197183
Lucky Hill,5,11,"Radin Mas Primary School, 1 Bukit Purmei Avenue, Singapore 099840, Singapore",99840.0,Bukit Merah,1.2745295,103.8233,71.83098591549296,33.80281690140845,5.28169014084507
Giant Parkway Parade,5,16,"Parkway Parade, 80 Marine Parade Road, Singapore 449269, Singapore",449269.0,Marine Parade,1.3013366,103.9052333,71.83098591549296,52.112676056338024,6.197183098591549
Everstream Trading,5,38,"283 Bukit Batok East Avenue 3, Singapore 650283, Singapore",650283.0,Bukit Batok,1.3471972,103.7576875,71.83098591549296,90.70422535211267,8.126760563380282
Dawn Florist,5,18,"Western Islands, Southwest, Singapore",,Western Islands,1.2745282,103.7433,71.83098591549296,57.183098591549296,6.450704225352112
Cold Storage Northpoint,5,25,"Northpoint City, 930 Yishun Avenue 2, Singapore 769098, Singapore",769098.0,Yishun,1.4293478,103.8358671,71.83098591549296,73.80281690140845,7.28169014084507
Clifford Gift Shop,5,32,"532 Ang Mo Kio Avenue 10, Singapore 560532, Singapore",560532.0,Ang Mo Kio,1.3738269,103.8551874,71.83098591549296,84.64788732394366,7.82394366197183
Cheers New Upper Changi Rd,5,20,"Sky Eden@Bedok (U/C), 799 New Upper Changi Road, Singapore 467351, Singapore",467351.0,Bedok,1.325244,103.932204,71.83098591549296,63.38028169014085,6.76056338028169
Afro Asia Co Pte Ltd,5,14,"322 Tengah Drive, Singapore 690322, Singapore",690322.0,Park,1.3651116,103.7381,71.83098591549296,43.94366197183099,5.788732394366198
7-Eleven Sixth Avenue,5,11,"11 Maple Avenue, Singapore 279886, Singapore",279886.0,Bukit Timah,1.3311169,103.7926,71.83098591549296,33.80281690140845,5.28169014084507
7-Eleven Owen Road,5,13,"44 Dorset Road, Singapore 218953, Singapore",218953.0,Kallang,1.3158217,103.8507664,71.83098591549296,40.985915492957744,5.640845070422535
Yeo Soon Huat,4,9,"70 Lorong 4 Toa Payoh, Singapore 310070, Singapore",310070.0,Toa Payoh,1.3343937,103.8524032,61.408450704225345,26.901408450704224,4.415492957746478
U Stars Sumang Walk,4,2,"Matilda Portico, 218 Sumang Walk, Singapore 820218, Singapore",820218.0,Punggol,1.4032997,103.8950457,61.408450704225345,7.746478873239436,3.457746478873239
Tuck Lee Long,4,19,"159 Ang Mo Kio Avenue 4, Singapore 560616, Singapore",560616.0,Ang Mo Kio,1.374789,103.8398767,61.408450704225345,60.70422535211267,6.105633802816901
Teo Khar Bee Agency,4,26,"72 Redhill Road, Singapore 150072, Singapore",150072.0,Bukit Merah,1.2872356,103.8162,61.408450704225345,75.77464788732394,6.859154929577464
Tay Ah Tho Trading,4,19,"768 Woodlands Avenue 6, Singapore 732799, Singapore",732799.0,Woodlands,1.445962,103.798159,61.408450704225345,60.70422535211267,6.105633802816901
Tan Kai Huat Provision Shop,4,14,"123 Hougang Avenue 1, Singapore 530123, Singapore",530123.0,Hougang,1.3533485,103.8861709,61.408450704225345,43.94366197183099,5.267605633802817
Singapore Pools Silat Ave Branch,4,11,"150 Silat Avenue, Singapore 160150, Singapore",160150.0,Bukit Merah,1.2770211,103.8314085,61.408450704225345,33.80281690140845,4.76056338028169
Singapore Pools LOT One Branch,4,11,"Lot One Shoppers' Mall, 21 Choa Chu Kang Avenue 4, Singapore 689812, Singapore",689812.0,Choa Chu Kang,1.3849961,103.7451511,61.408450704225345,33.80281690140845,4.76056338028169
Singapore Pools Jalan Tiga Branch,4,33,"41 Jalan Tiga, Singapore 390041, Singapore",390041.0,Geylang,1.3078367,103.8847076,61.408450704225345,85.91549295774648,7.366197183098592
Singapore Pools Ghim Moh Branch,4,13,"21 Ghim Moh Road, Singapore 270021, Singapore",270021.0,Queenstown,1.3100933,103.7884694,61.408450704225345,40.985915492957744,5.119718309859154
Singapore Pools Geylang Bahru Branch,4,16,"68 Geylang Bahru, Singapore 330068, Singapore",330068.0,Kallang,1.3222623,103.8704758,61.408450704225345,52.112676056338024,5.676056338028168
Singapore Pools Funan Branch,4,6,"Funan, 107 North Bridge Road, Singapore 179105, Singapore",179105.0,Downtown Core,1.2912647,103.8501932,61.408450704225345,20.845070422535212,4.112676056338028
Singapore Pools Chinatown Point Branch,4,55,"3 McCallum Street, Singapore 069047, Singapore",69047.0,Downtown Core,1.2796704,103.8475525,61.408450704225345,98.02816901408451,7.971830985915493
Singapore Pools Chin Swee Branch,4,14,"53 Chin Swee Road, Singapore 160053, Singapore",160053.0,Outram,1.2876753,103.8415514,61.408450704225345,43.94366197183099,5.267605633802817
Singapore Pools Cheong Chin Nam Rd Branch,4,21,"5 Cheong Chin Nam Road, Singapore 599744, Singapore",599744.0,Hillview,1.3424696,103.7753346,61.408450704225345,64.92957746478874,6.316901408450704
Singapore Pools Bukit Batok Central Branch,4,39,"642 Bukit Batok Central, Singapore 650642, Singapore",650642.0,Bukit Batok,1.3489923,103.7517942,61.408450704225345,91.40845070422536,7.640845070422534
Singapore Pools Beo Crescent Branch,4,20,"36 Beo Crescent, Singapore 160040, Singapore",160040.0,Bukit Merah,1.2883928,103.8270797,61.408450704225345,63.38028169014085,6.23943661971831
Singapore Pools Bedok North Branch,4,22,"Bedok North Road, Singapore 460516, Singapore",460516.0,Bedok,1.3306806,103.9305125,61.408450704225345,67.6056338028169,6.450704225352112
Singapore Pools 88 Circuit Rd Branch,4,21,"88 Pipit Road, Singapore 370088, Singapore",370088.0,Geylang,1.3236883,103.8858681,61.408450704225345,64.92957746478874,6.316901408450704
Sheng Moh Fruits & Provision Store,4,9,"1A Jalan Mas Puteh, Singapore 128607, Singapore",128607.0,Clementi,1.3083357,103.7621136,61.408450704225345,26.901408450704224,4.415492957746478
Prime Keat Hong,4,13,"Keat Hong Shopping Centre, 253 Choa Chu Kang Avenue 1, Singapore 680253, Singapore",680253.0,Choa Chu Kang,1.3780745,103.7442567,61.408450704225345,40.985915492957744,5.119718309859154
OCN (Singapore) Pte Ltd,4,30,"Hotel Clover Hongkong Street, Central Water Catchment, Singapore",,Central Water Catchment,1.352083,103.819836,61.408450704225345,81.97183098591549,7.169014084507042
NTUC FP Yung Kuang Road,4,15,"65 Yung Kuang Road, Singapore 610065, Singapore",610065.0,Jurong West,1.3322984,103.7226983,61.408450704225345,48.02816901408451,5.471830985915493
NTUC FP Warehouse Club,4,15,"82 Joo Koon Circle, Singapore 638356, Singapore",638356.0,Pioneer,1.3272042,103.6761,61.408450704225345,48.02816901408451,5.471830985915493
NTUC FP Thomson Plaza,4,33,"Thomson Plaza, 301 Upper Thomson Road, Singapore 574408, Singapore",574408.0,Bishan,1.3548,103.8308,61.408450704225345,85.91549295774648,7.366197183098592
NTUC FP Marine Parade Central,4,9,"84 Marine Parade Central, Singapore 440084, Singapore",440084.0,Marine Parade,1.302042,103.9065384,61.408450704225345,26.901408450704224,4.415492957746478
NTUC FP Lorong 4 Toa Payoh,4,15,"192 Lorong 4 Toa Payoh, Singapore 310192, Singapore",310192.0,Toa Payoh,1.3318475,103.8507613,61.408450704225345,48.02816901408451,5.471830985915493
NTUC FP E!Hub @ Downtown East,4,13,"Downtown East, 1 Pasir Ris Close, Singapore 519599, Singapore",519599.0,Pasir Ris,1.3774243,103.9549567,61.408450704225345,40.985915492957744,5.119718309859154
NTUC FP Clementi Avenue 2,4,14,"352 Clementi Avenue 2, Singapore 120352, Singapore",120352.0,Clementi,1.3144477,103.7711383,61.408450704225345,43.94366197183099,5.267605633802817
NTUC FP Changi Business Park,4,19,"Airport Boulevard, Singapore 819658, Singapore",819658.0,Changi,1.3450101,103.9832089,61.408450704225345,60.70422535211267,6.105633802816901
Ng Nam Thye Trading - Ang Mo Kio Ave 3,4,17,"51@AMK, 51 Ang Mo Kio Avenue 3, Singapore 569922, Singapore",569922.0,Ang Mo Kio,1.3692079,103.8470408,61.408450704225345,54.7887323943662,5.809859154929578
Golden Lagoon Trading,4,15,"136 Marsiling Road, Singapore 730136, Singapore",730136.0,Woodlands,1.4385524,103.7777004,61.408450704225345,48.02816901408451,5.471830985915493
Giant Beauty World Centre,4,23,"Beauty World Centre, 144 Upper Bukit Timah Road, Singapore 588177, Singapore",588177.0,,1.3422789,103.7761675,61.408450704225345,70.28169014084507,6.58450704225352
FP Xpress MacPherson,4,18,"Merpati Road, Singapore 370078, Singapore",370078.0,Geylang,1.3273112,103.8852397,61.408450704225345,57.183098591549296,5.929577464788732
Cold Storage Compass One,4,27,"Compass One, 1 Sengkang Square, Singapore 545078, Singapore",545078.0,Seng Kang,1.3917911,103.8948801,61.408450704225345,77.1830985915493,6.929577464788733
Chuan Hao Departmental Store,4,5,"Singapore Polytechnic, 500 Dover Road, Singapore 139651, Singapore",139651.0,Queenstown,1.3075788,103.7818,61.408450704225345,18.732394366197184,4.007042253521126
Chop Yeo Thong Heng,4,9,"83 Macpherson Lane, Singapore 368230, Singapore",368230.0,Macpherson,1.3316515,103.8853123,61.408450704225345,26.901408450704224,4.415492957746478
Chong Hoe Tong,4,16,"21 Lorong 7 Toa Payoh, Singapore 310021, Singapore",310021.0,Toa Payoh,1.3354867,103.857473,61.408450704225345,52.112676056338024,5.676056338028168
Cheng Chew Wah Agency,4,17,"20 Frankel Terrace, Singapore 416551, Singapore",416551.0,Frankel,1.3190577,103.9145234,61.408450704225345,54.7887323943662,5.809859154929578
Cheers Haig Rd,4,14,"12 Haig Road, Singapore 430012, Singapore",430012.0,Geylang,1.315608,103.8959868,61.408450704225345,43.94366197183099,5.267605633802817
7-Eleven McCallum Street,4,27,"3 McCallum Street, Singapore 069047, Singapore",69047.0,Downtown Core,1.2797323,103.8475943,61.408450704225345,77.1830985915493,6.929577464788733
7-Eleven Chua Chu Kang Drive,4,22,"Blk 689B, Choa Chu Kang Crescent, Singapore 681672, Singapore",681672.0,Choa Chu Kang,1.403112,103.7497763,61.408450704225345,67.6056338028169,6.450704225352112
7-Eleven Changi,4,16,"Airport Boulevard, Singapore 819658, Singapore",819658.0,Changi,1.3450101,103.9832089,61.408450704225345,52.112676056338024,5.676056338028168
Tan Ah Leck Trading Jurong East,3,4,"151 Bukit Batok Street 11, Singapore 650151, Singapore",650151.0,Bukit Batok,1.3486319,103.7443246,49.71830985915493,15.352112676056336,3.253521126760563
Tan Ah Leck Trading,3,23,"151 Bukit Batok Street 11, Singapore 650151, Singapore",650151.0,Bukit Batok,1.3486319,103.7443246,49.71830985915493,70.28169014084507,6.0
Superbowl Jurong Pte Ltd,3,22,"SuperBowl Jurong, 1 Yuan Ching Road, Singapore 618640, Singapore",618640.0,Jurong West,1.3259058,103.724653,49.71830985915493,67.6056338028169,5.866197183098591
Singapore Pools Yishun N2 Branch,3,21,"Yishun Avenue 5, Singapore 768794, Singapore",768794.0,Yishun,1.430368,103.8353628,49.71830985915493,64.92957746478874,5.732394366197183
Singapore Pools Telok Blangah Crescent Branch,3,19,"6 Telok Blangah Crescent, Singapore 090008, Singapore",90008.0,Bukit Merah,1.2781865,103.8186647,49.71830985915493,60.70422535211267,5.52112676056338
Singapore Pools Teban Gardens Branch,3,15,"37 Teban Gardens Road, Singapore 600037, Singapore",600037.0,,1.3205297,103.742544,49.71830985915493,48.02816901408451,4.887323943661972
Singapore Pools Sim Lim Square Branch,3,21,"Sim Lim Square, 1 Rochor Canal Road, Singapore 188504, Singapore",188504.0,Rochor,1.3030825,103.8528968,49.71830985915493,64.92957746478874,5.732394366197183
Singapore Pools Peace Centre Branch,3,17,"1 #03-01/02/03 Sophia Road Peace Centre, Singapore 188351, Singapore",188351.0,Rochor,1.3015125,103.8496184,49.71830985915493,54.7887323943662,5.225352112676056
Singapore Pools Pasir Ris N7 Branch,3,25,"Pasir Ris Drive 1, Singapore 518070, Singapore",518070.0,Pasir Ris,1.3720937,103.9473728,49.71830985915493,73.80281690140845,6.176056338028169
Singapore Pools Bukit Gombak Branch,3,26,"374 Bukit Batok Street 31, Singapore 650374, Singapore",650374.0,Bukit Batok,1.3583104,103.750449,49.71830985915493,75.77464788732394,6.274647887323943
Singapore Pools Ang Mo Kio N2A Branch,3,23,"North-South Corridor, Singapore 560728, Singapore",560728.0,Ang Mo Kio,1.3691149,103.8454342,49.71830985915493,70.28169014084507,6.0
Sheng Siong Tanglin Halt Road,3,19,"Commonwealth View, 88 Tanglin Halt Road, Singapore 141088, Singapore",141088.0,Queenstown,1.3013864,103.79844,49.71830985915493,60.70422535211267,5.52112676056338
Seah Geok Eng Agency,3,31,"Rivervale Plaza, 118 Rivervale Drive, Singapore 540118, Singapore",540118.0,Seng Kang,1.385716,103.9020016,49.71830985915493,83.38028169014085,6.654929577464789
NTUC FP Yew Tee Point,3,19,"Yew Tee Point, Choa Chu Kang North 6, Singapore 689580, Singapore",689580.0,Choa Chu Kang,1.3974014,103.7467406,49.71830985915493,60.70422535211267,5.52112676056338
NTUC FP Woodlands Civic Centre,3,19,"Woodlands Civic Centre, 900 South Woodlands Drive, Singapore 730900, Singapore",730900.0,Woodlands,1.4350059,103.7869203,49.71830985915493,60.70422535211267,5.52112676056338
NTUC FP Tampines St 44,3,12,"475 Tampines Street 44, Singapore 520471, Singapore",520471.0,Tampines,1.3603807,103.9532074,49.71830985915493,37.74647887323944,4.373239436619718
NTUC FP Tampines St  83,3,19,"Tampines Central Community Club, 866A Tampines Street 83, Singapore 521866, Singapore",521866.0,Tampines,1.3554401,103.9346654,49.71830985915493,60.70422535211267,5.52112676056338
NTUC FP Rivervale Mall,3,8,"Rivervale Mall, 11 Rivervale Crescent, Singapore 545082, Singapore",545082.0,Seng Kang,1.3919537,103.9047236,49.71830985915493,24.929577464788732,3.732394366197183
NTUC FP New Upper Changi Road,3,17,"57 New Upper Changi Road, Singapore 461057, Singapore",461057.0,Bedok,1.3246666,103.9414375,49.71830985915493,54.7887323943662,5.225352112676056
NTUC FP Marsiling MRT Station,3,20,"71 Woodlands Avenue 3, Singapore 739044, Singapore",739044.0,Woodlands West,1.4323902,103.7741183,49.71830985915493,63.38028169014085,5.654929577464789
NTUC FP Limbang Shopping Centre,3,15,"Limbang Shopping Centre, Choa Chu Kang North 5, Singapore 680533, Singapore",680533.0,Choa Chu Kang,1.3920843,103.7433168,49.71830985915493,48.02816901408451,4.887323943661972
NTUC FP Jem,3,40,"JEM, 50 Jurong Gateway Road, Singapore 608549, Singapore",608549.0,Jurong East,1.332647,103.7433111,49.71830985915493,92.53521126760563,7.112676056338029
NTUC FP Century Square,3,4,"Century Square, 2 Tampines Central 5, Singapore 529509, Singapore",529509.0,Tampines,1.3525968,103.9436741,49.71830985915493,15.352112676056336,3.253521126760563
NTUC FP Bukit Panjang Plaza,3,21,"Bukit Panjang Plaza, 1 Jelebu Road, Singapore 677743, Singapore",677743.0,Bukit Panjang,1.3803722,103.7642617,49.71830985915493,64.92957746478874,5.732394366197183
Nalayanee Trading Enterprise,3,12,"129 Upper Paya Lebar Road, Singapore 534829, Singapore",534829.0,Toa Payoh,1.3384901,103.8864474,49.71830985915493,37.74647887323944,4.373239436619718
Lim Heng Ee Trading Pte. Ltd.,3,15,"41 Kallang Place, Singapore 339153, Singapore",339153.0,Kallang Bahru,1.3155916,103.8693,49.71830985915493,48.02816901408451,4.887323943661972
Li Thoe Trading,3,23,"119 Aljunied Avenue 2, Singapore 380119, Singapore",380119.0,Geylang,1.3192072,103.886444,49.71830985915493,70.28169014084507,6.0
Kwek Lee Eng Agency,3,17,"Textile Centre, 200 Jalan Sultan, Singapore 199018, Singapore",199018.0,Kallang,1.3038262,103.8614018,49.71830985915493,54.7887323943662,5.225352112676056
Kim Chwee Trading,3,18,"Blk A #01-04 Kaki Bukit Avenue 6, Singapore 417883, Singapore",417883.0,Paya Lebar,1.341353,103.912393,49.71830985915493,57.183098591549296,5.345070422535211
Hougang United Football Club,3,5,"617, Hougang Avenue 2, Singapore 530631, Singapore",530631.0,Hougang,1.3695122,103.8834,49.71830985915493,18.732394366197184,3.4225352112676055
Giant Pioneer Mall,3,21,"Pioneer Mall, 638 Jurong West Street 61, Singapore 640638, Singapore",640638.0,Jurong West,1.3418699,103.6973858,49.71830985915493,64.92957746478874,5.732394366197183
Giant Paya Lebar Square,3,22,"Paya Lebar Square, 60 Paya Lebar Road, Singapore 409051, Singapore",409051.0,Geylang,1.3191135,103.8924858,49.71830985915493,67.6056338028169,5.866197183098591
Giant Compassvale Bow,3,14,"266 Compassvale Bow, Singapore 540266, Singapore",540266.0,Seng Kang,1.3817505,103.8969228,49.71830985915493,43.94366197183099,4.683098591549296
Everbright  Services,3,18,"Depot Heights Shopping Centre, 108 Depot Road, Singapore 100108, Singapore",100108.0,Bukit Merah,1.2812742,103.8099871,49.71830985915493,57.183098591549296,5.345070422535211
Chua Hong Kim Trading,3,25,"237 Serangoon Avenue 3, Singapore 550253, Singapore",550253.0,Serangoon,1.3536057,103.8698424,49.71830985915493,73.80281690140845,6.176056338028169
7-Eleven Sin Ming,3,13,"244 Upper Thomson Road, Singapore 574369, Singapore",574369.0,Bishan,1.3533996,103.8346195,49.71830985915493,40.985915492957744,4.535211267605634
7-Eleven Plaza Singapura,3,19,"Plaza Singapura, 68 Orchard Road, Singapore 238839, Singapore",238839.0,Museum,1.3003302,103.8451764,49.71830985915493,60.70422535211267,5.52112676056338
7-Eleven Circular Rd,3,11,"73 Circular Road, Singapore 049423, Singapore",49423.0,Singapore River,1.2866714,103.8490196,49.71830985915493,33.80281690140845,4.176056338028169
7-Eleven Big Mac Centre,3,1,"51@AMK, 51 Ang Mo Kio Avenue 3, Singapore 569922, Singapore",569922.0,Ang Mo Kio,1.3692898,103.8471818,49.71830985915493,3.2394366197183095,2.647887323943662
7-Eleven Bedok North Street 2,3,17,"Bedok North Street 2, Singapore 460122, Singapore",460122.0,Bedok North,1.3286351,103.9372078,49.71830985915493,54.7887323943662,5.225352112676056
Yeo Kean Fatt Dept Store,2,6,"17 Bedok South Road, Singapore 460017, Singapore",460017.0,Bedok,1.3201238,103.9354484,37.74647887323944,20.845070422535212,2.929577464788733
U Stars Keat Hong Link,2,5,"817 Keat Hong Link, Singapore 680817, Singapore",680817.0,Choa Chu Kang,1.3776376,103.7495902,37.74647887323944,18.732394366197184,2.823943661971831
Tampines Trading 824,2,16,"824 Tampines Street 81, Singapore 520824, Singapore",520824.0,Tampines,1.3490499,103.9327527,37.74647887323944,52.112676056338024,4.492957746478874
Singapore Pools Lorong Lew Lian Branch,2,16,"2 Lorong Lew Lian, Singapore 531002, Singapore",531002.0,Serangoon,1.3505921,103.8757788,37.74647887323944,52.112676056338024,4.492957746478874
Singapore Pools Geylang Rd Branch,2,6,"139 Geylang Road, Singapore 389226, Singapore",389226.0,Kampong Bugis,1.3111923,103.8741106,37.74647887323944,20.845070422535212,2.929577464788733
Singapore Pools Fajar Rd Branch,2,19,"Fajar Shopping Centre, 445 Fajar Road, Singapore 670445, Singapore",670445.0,Bukit Panjang,1.3834015,103.7712169,37.74647887323944,60.70422535211267,4.922535211267606
Singapore Pools Empress Rd Branch,2,16,"8 Empress Road, Singapore 266227, Singapore",266227.0,Bukit Timah,1.3163869,103.8053655,37.74647887323944,52.112676056338024,4.492957746478874
Singapore Pools Chai Chee Branch,2,11,"36 Chai Chee Road, Singapore 461036, Singapore",461036.0,Bedok,1.3253661,103.9253322,37.74647887323944,33.80281690140845,3.5774647887323945
Singapore Pools Canberra Branch,2,24,"SWSB20, 505 Canberra Link, Singapore 750505, Singapore",750505.0,Sembawang,1.4502245,103.8227708,37.74647887323944,71.9718309859155,5.485915492957747
Singapore Pools Bukit Batok N3 Branch,2,11,"324 Bukit Batok Street 33, Singapore 650324, Singapore",650324.0,Bukit Batok,1.3621626,103.7478577,37.74647887323944,33.80281690140845,3.5774647887323945
Singapore Pools Balestier Rd Branch,2,10,"Blk 2, 2 Balestier Road, Singapore 329901, Singapore",329901.0,Novena,1.3262024,103.8423091,37.74647887323944,29.718309859154928,3.3732394366197185
Seah Koon Huat (Boon Tiong Rd),2,11,"Tiong Bahru View, 11A Boon Tiong Road, Singapore 161011, Singapore",161011.0,Bukit Merah,1.2861153,103.8289494,37.74647887323944,33.80281690140845,3.5774647887323945
Seah Geok Eng Upper Serangoon View,2,11,"31 Upper Serangoon View, Singapore 534237, Singapore",534237.0,Kangkar,1.3748539,103.9030884,37.74647887323944,33.80281690140845,3.5774647887323945
S E Store,2,13,"41 West Coast Highway, Singapore 119615, Singapore",119615.0,Port,1.285532,103.7675,37.74647887323944,40.985915492957744,3.936619718309859
Prime Yishun Ave 6,2,2,"334A Yishun Street 31, Singapore 761334, Singapore",761334.0,Yishun East,1.432994,103.8453055,37.74647887323944,7.746478873239436,2.274647887323944
Prime Woodlands,2,15,"Sing Lun Building, 30 Marsiling Lane, Singapore 730210, Singapore",730210.0,Woodlands,1.4480459,103.7759,37.74647887323944,48.02816901408451,4.288732394366198
Prime Joo Seng,2,2,"1 Upper Aljunied Lane, Singapore 360004, Singapore",360004.0,Toa Payoh,1.3343555,103.878653,37.74647887323944,7.746478873239436,2.274647887323944
Prime Compassvale St,2,14,"Compassvale Street, Singapore 545091, Singapore",545091.0,Seng Kang,1.3951499,103.8980618,37.74647887323944,43.94366197183099,4.084507042253522
Precise Optics,2,13,"Shan Road, Singapore 329550, Singapore",329550.0,Novena,1.3252963,103.8469,37.74647887323944,40.985915492957744,3.936619718309859
Papillon Florist Pte Ltd,2,10,"133 Jalan Bukit Merah, Singapore 160132, Singapore",160132.0,Bukit Merah,1.2795523,103.8274126,37.74647887323944,29.718309859154928,3.3732394366197185
Overseas Emporium (Pte) Ltd,2,22,"People's Park Complex, 02-67 1 Park Rd, Singapore 059108, Singapore",59108.0,Outram,1.2841159,103.8424418,37.74647887323944,67.6056338028169,5.267605633802817
NTUC FP Tampines St 11,2,7,"107 Tampines Street 11, Singapore 521108, Singapore",521108.0,Tampines,1.3483876,103.9480679,37.74647887323944,22.676056338028168,3.0211267605633805
NTUC FP Tai Seng,2,9,"Tai Seng, 33 Upper Paya Lebar Road, Singapore 534803, Singapore",534803.0,Toa Payoh,1.3358756,103.8877164,37.74647887323944,26.901408450704224,3.232394366197183
NTUC FP Shaw Plaza,2,3,"Shaw Plaza, 360 Balestier Road, Singapore 329783, Singapore",329783.0,Novena,1.3252572,103.8510491,37.74647887323944,11.690140845070422,2.471830985915493
NTUC FP Sengkang East Ave,2,5,"279 MSCP (SK92) and Shops, 279 Sengkang East Avenue, Singapore 540279, Singapore",540279.0,Seng Kang,1.3863837,103.893323,37.74647887323944,18.732394366197184,2.823943661971831
NTUC FP Seletar Mall,2,12,"Seletar Mall, 33 Sengkang West Avenue, Singapore 797653, Singapore",797653.0,Seng Kang,1.3915208,103.8760834,37.74647887323944,37.74647887323944,3.774647887323944
NTUC FP Punggol Plaza,2,26,"Punggol Plaza, 168 Punggol Field, Singapore 820168, Singapore",820168.0,Punggol,1.394228,103.913016,37.74647887323944,75.77464788732394,5.676056338028169
NTUC FP Punggol Oasis Terraces,2,10,"Oasis Terraces, 681 Punggol Drive, Singapore 820681, Singapore",820681.0,Punggol,1.4026301,103.9129247,37.74647887323944,29.718309859154928,3.3732394366197185
NTUC FP Kallang Wave Mall,2,11,"Kallang Wave Mall, Stadium Place, Singapore 397628, Singapore",397628.0,Kallang,1.3032243,103.8728714,37.74647887323944,33.80281690140845,3.5774647887323945
NTUC FP Hougang Mall,2,22,"Hougang Mall, 90 Hougang Avenue 10, Singapore 538766, Singapore",538766.0,Hougang,1.3725894,103.8937225,37.74647887323944,67.6056338028169,5.267605633802817
NTUC FP Eastpoint Mall,2,30,"East Point, Simei Street 6, Singapore 520256, Singapore",520256.0,Tampines,1.3427145,103.9530415,37.74647887323944,81.97183098591549,5.985915492957746
NTUC FP Dawson Place,2,15,"53 Commonwealth Avenue, Singapore 144053, Singapore",144053.0,Queenstown,1.2927082,103.8084,37.74647887323944,48.02816901408451,4.288732394366198
Li Li Cheng Supermarket (Punggol) Pte Ltd,2,15,"Punggol Regalia, 273C Punggol Place, Singapore 823273, Singapore",823273.0,Punggol,1.4023496,103.9012804,37.74647887323944,48.02816901408451,4.288732394366198
Lee Ah Lan Trading,2,8,"61 Teban Gardens Road, Singapore 600065, Singapore",600065.0,Jurong East,1.3221316,103.7384602,37.74647887323944,24.929577464788732,3.133802816901409
Hock Soon Ann,2,14,"73 Bedok South Avenue 3, Singapore 460073, Singapore",460073.0,Bedok,1.3199523,103.9439787,37.74647887323944,43.94366197183099,4.084507042253522
Goh Geok Kwee (Bukit Merah),2,18,"Blk 124, 01-144 Bukit Merah Lane 1, Singapore 150127, Singapore",150127.0,Bukit Merah,1.2862127,103.8034449,37.74647887323944,57.183098591549296,4.746478873239437
Gerk Chwee Trading,2,17,"10 Kensington Park Road, Singapore 557255, Singapore",557255.0,Serangoon Garden,1.3650374,103.8660568,37.74647887323944,54.7887323943662,4.626760563380282
Cheng Tai Boon Beng,2,14,"Orchard Plaza, 150 Orchard Road, Singapore 238841, Singapore",238841.0,Orchard,1.3010249,103.8410995,37.74647887323944,43.94366197183099,4.084507042253522
Cheng Chew Wah Agency (Bedok South),2,15,"17 Bedok South Road, Singapore 460017, Singapore",460017.0,Bedok,1.3202245,103.9357353,37.74647887323944,48.02816901408451,4.288732394366198
Cheers Hougang Ave 3,2,10,"23 Hougang Avenue 3, Singapore 530024, Singapore",530024.0,Hougang,1.3649403,103.8907136,37.74647887323944,29.718309859154928,3.3732394366197185
Balestier Khalsa Football Club,2,0,"Philips TP2, 622 Lorong 1 Toa Payoh, Singapore 319763, Singapore",319763.0,Toa Payoh,1.3346246,103.8428,37.74647887323944,0.5633802816901409,1.9154929577464792
A P Minimart Bedok Reservoir,2,12,"121 Bedok Reservoir Road, Singapore 470121, Singapore",470121.0,Bedok,1.331378,103.909657,37.74647887323944,37.74647887323944,3.774647887323944
7-Eleven Jalan Leban,2,12,"39 Jalan Leban, Singapore 574416, Singapore",574416.0,Ang Mo Kio,1.3732041,103.8307393,37.74647887323944,37.74647887323944,3.774647887323944
7-Eleven Foch Rd,2,9,"36 Foch Road, Singapore 209276, Singapore",209276.0,Kallang,1.3125522,103.8602028,37.74647887323944,26.901408450704224,3.232394366197183
7-Eleven Bukit Batok West Avenue 6,2,10,"132 Bukit Batok West Avenue 6, Singapore 650132, Singapore",650132.0,Bukit Batok,1.3503796,103.7457888,37.74647887323944,29.718309859154928,3.3732394366197185
Warriors Football Club (S),1,0,"Canadian International School, Boon Lay Way, Singapore 648164, Singapore",648164.0,Jurong West,1.3466409,103.7274,23.098591549295776,0.5633802816901409,1.1830985915492958
Uni-Foto Pte Ltd,1,10,"Lucky Plaza, 304 Orchard Road, Singapore 238863, Singapore",238863.0,Orchard,1.3043767,103.8338798,23.098591549295776,29.718309859154928,2.640845070422535
Tuas View,1,10,"67S Tuas South Avenue 1, Singapore 637601, Singapore",637601.0,Tuas Promenade,1.3138196,103.6257365,23.098591549295776,29.718309859154928,2.640845070422535
Springdale Garments Co,1,28,"408 Ang Mo Kio Avenue 10, Singapore 560408, Singapore",560408.0,Ang Mo Kio,1.3624694,103.8544125,23.098591549295776,79.01408450704224,5.105633802816901
Singapore Pools Yishun N4 Branch,1,29,"415, Yishun Ring Road, Singapore 760413, Singapore",760413.0,Yishun,1.4246239,103.8457337,23.098591549295776,80.70422535211267,5.190140845070422
Singapore Pools Woodlands N8 Branch,1,29,"Woodlands Avenue 2, Singapore 738526, Singapore",738526.0,Woodlands,1.4381922,103.7889597,23.098591549295776,80.70422535211267,5.190140845070422
Singapore Pools Upp Thomson Branch,1,3,"Opposite Sembawang Hills Food Centre, Upper Thomson Road, Singapore 574416, Singapore",574416.0,Ang Mo Kio,1.3725206,103.8285173,23.098591549295776,11.690140845070422,1.73943661971831
Singapore Pools Upp Boon Keng Branch,1,25,"UOB, 18 Upper Boon Keng Road, Singapore 380018, Singapore",380018.0,Kallang,1.314381,103.8720873,23.098591549295776,73.80281690140845,4.845070422535211
Singapore Pools Lengkok Bahru Branch,1,15,"Lengkok Bahru Heights, 63B Lengkok Bahru, Singapore 152063, Singapore",152063.0,Bukit Merah,1.2895097,103.8156477,23.098591549295776,48.02816901408451,3.5563380281690145
Singapore Pools Great World City Branch,1,15,"Great World City, 1 Kim Seng Promenade, Singapore 237994, Singapore",237994.0,Singapore River,1.2936417,103.8319293,23.098591549295776,48.02816901408451,3.5563380281690145
Singapore Pools Everton Park Branch,1,13,"7 Neil Road, Singapore 080007, Singapore",80007.0,Bukit Merah,1.277067,103.8393496,23.098591549295776,40.985915492957744,3.204225352112676
Singapore Pools Bishan N1 Branch,1,10,"152 Bishan Street 11, Singapore 570152, Singapore",570152.0,Bishan,1.3455241,103.8544795,23.098591549295776,29.718309859154928,2.640845070422535
Sheng Siong Marsiling Mall,1,3,"Marsiling Mall Hawker Centre, 4 Woodlands Street 12, Singapore 738623, Singapore",738623.0,Woodlands,1.4333206,103.7798555,23.098591549295776,11.690140845070422,1.73943661971831
River Hong Bao,1,2,"Jurong East Avenue 1, Singapore 600301, Singapore",600301.0,Jurong East,1.3436102,103.7357,23.098591549295776,7.746478873239436,1.5422535211267605
Prime Serangoon North,1,11,"542B Serangoon North Avenue 3, Singapore 552542, Singapore",552542.0,Serangoon,1.3735994,103.8713175,23.098591549295776,33.80281690140845,2.845070422535211
Prime Hougang,1,4,"941 Upper Serangoon Road, Singapore 534711, Singapore",534711.0,Hougang,1.3612182,103.8862529,23.098591549295776,15.352112676056336,1.9225352112676055
Prime Buangkok Square,1,7,"Buangkok Square Mall, 991 Buangkok Link, Singapore 530991, Singapore",530991.0,Hougang,1.3846918,103.8819586,23.098591549295776,22.676056338028168,2.288732394366197
Prime Admiralty Place,1,4,"678A Admiralty Wet Market & MSCP, Town Council Cycling Path, Singapore 738991, Singapore",738991.0,Woodlands,1.4404597,103.8017782,23.098591549295776,15.352112676056336,1.9225352112676055
Premier Security Co-operative Ltd,1,11,"Little India, Rochor Canal Road, Singapore 188505, Singapore",188505.0,Rochor,1.3095329,103.856624,23.098591549295776,33.80281690140845,2.845070422535211
Pinthely Floral Centre,1,12,"83 Commonwealth Close, Singapore 140083, Singapore",140083.0,Queenstown,1.304379,103.8001,23.098591549295776,37.74647887323944,3.042253521126761
Ong Eng Siang Trading,1,10,"71 Seng Poh Road, Singapore 168898, Singapore",168898.0,Bukit Merah,1.284286,103.8324117,23.098591549295776,29.718309859154928,2.640845070422535
NTUC FP Tiong Bahru Plaza,1,18,"Tiong Bahru Plaza, 302 Tiong Bahru Road, Singapore 164019, Singapore",164019.0,Bukit Merah,1.2866535,103.8271459,23.098591549295776,57.183098591549296,4.014084507042254
NTUC FP The Woodleigh Mall,1,2,"The Woodleigh Mall, 11 Bidadari Park Drive, Singapore 341115, Singapore",341115.0,Toa Payoh,1.3387347,103.8717689,23.098591549295776,7.746478873239436,1.5422535211267605
NTUC FP Telok Blangah Street 32,1,4,"78B Telok Blangah Street 32, Singapore 100066, Singapore",100066.0,Bukit Merah,1.2736662,103.8091203,23.098591549295776,15.352112676056336,1.9225352112676055
NTUC FP Square 2,1,3,"Novena, Irrawaddy Road, Singapore 307506, Singapore",307506.0,Novena,1.3205626,103.8440211,23.098591549295776,11.690140845070422,1.73943661971831
NTUC FP Senja Road,1,8,"Blk 628, 628 Senja Road, Singapore 670628, Singapore",670628.0,Bukit Panjang,1.3851246,103.7603397,23.098591549295776,24.929577464788732,2.4014084507042255
NTUC FP Paya Lebar Quarter,1,2,"Paya Lebar Quarter Retail Mall, 10 Paya Lebar Road, Singapore 409057, Singapore",409057.0,Geylang,1.3176666,103.8931627,23.098591549295776,7.746478873239436,1.5422535211267605
NTUC FP Parkway Parade,1,16,"Parkway Parade, 80 Marine Parade Road, Singapore 449269, Singapore",449269.0,Marine Parade,1.3013366,103.9052333,23.098591549295776,52.112676056338024,3.7605633802816896
NTUC FP Le Quest,1,1,"Le Quest, 10 Bukit Batok Street 41, Singapore 657990, Singapore",657990.0,Bukit Batok,1.3557406,103.7408842,23.098591549295776,3.2394366197183095,1.3169014084507042
NTUC FP Kallang Bahru,1,12,"71 Kallang Bahru, Singapore 330071, Singapore",330071.0,Kallang,1.3209366,103.8705671,23.098591549295776,37.74647887323944,3.042253521126761
NTUC FP Hougang St 21,1,19,"202 Hougang Street 21, Singapore 530202, Singapore",530202.0,Hougang,1.3575249,103.8839874,23.098591549295776,60.70422535211267,4.190140845070422
NTUC FP Hougang Point,1,5,"941 Upper Serangoon Road, Singapore 534711, Singapore",534711.0,Hougang,1.3612182,103.8862529,23.098591549295776,18.732394366197184,2.091549295774648
NTUC FP Hillion Mall,1,19,"Hillion Mall, 17 Petir Road, Singapore 678278, Singapore",678278.0,Bukit Panjang,1.378531,103.7632107,23.098591549295776,60.70422535211267,4.190140845070422
NTUC FP Coronation,1,7,"The Tresor, 28 Duchess Road, Singapore 269028, Singapore",269028.0,Bukit Timah,1.3239058,103.8074,23.098591549295776,22.676056338028168,2.288732394366197
NTUC FP Compassvale Link,1,4,"Compassvale Link, Singapore 540269, Singapore",540269.0,Compassvale,1.3835873,103.8951903,23.098591549295776,15.352112676056336,1.9225352112676055
NTUC FP Canberra Plaza,1,4,"Canberra Plaza, 133 Canberra View, Singapore 750133, Singapore",750133.0,Sembawang,1.4432641,103.8305674,23.098591549295776,15.352112676056336,1.9225352112676055
NTUC FP Bishan St 13,1,12,"510 Bishan Street 13, Singapore 570510, Singapore",570510.0,Bishan,1.3487352,103.8498826,23.098591549295776,37.74647887323944,3.042253521126761
NTUC FP Bedok North St 1,1,34,"212 Bedok North Street 1, Singapore 460212, Singapore",460212.0,Bedok,1.3259118,103.9315981,23.098591549295776,87.04225352112675,5.507042253521126
NTUC Foodfare - Seletar Mall,1,1,"Seletar Mall, 33 Sengkang West Avenue, Singapore 797653, Singapore",797653.0,Seng Kang,1.3915208,103.8760834,23.098591549295776,3.2394366197183095,1.3169014084507042
Nel's Store,1,8,"553 Bedok Reservoir Road, Singapore 479269, Singapore",479269.0,Bedok,1.3382986,103.9203,23.098591549295776,24.929577464788732,2.4014084507042255
Ichido Kopitiam City,1,8,"Kopitiam City, Sengkang Central, Singapore 545061, Singapore",545061.0,Seng Kang,1.3819067,103.8934239,23.098591549295776,24.929577464788732,2.4014084507042255
Hao Mart Geylang Lor 24,1,6,"448 Geylang Road, Singapore 389413, Singapore",389413.0,Geylang,1.3132758,103.8836595,23.098591549295776,20.845070422535212,2.1971830985915495
Goh Geok Kwee Agency,1,5,"84 Redhill Lane, Singapore 150084, Singapore",150084.0,Bukit Merah,1.2872356,103.8187506,23.098591549295776,18.732394366197184,2.091549295774648
Giant VivoCity,1,3,"VivoCity, 1 Harbourfront Avenue, Singapore 098585, Singapore",98585.0,Bukit Merah,1.2648859,103.8221267,23.098591549295776,11.690140845070422,1.73943661971831
Giant Sembawang Shopping Centre,1,12,"Sembawang Shopping Centre, 604 Sembawang Road, Singapore 758459, Singapore",758459.0,Sembawang,1.4414712,103.8245883,23.098591549295776,37.74647887323944,3.042253521126761
Giant Greenridge Shopping Centre,1,10,"Greenridge Shopping Centre, 524A Jelapang Road, Singapore 671524, Singapore",671524.0,Bukit Panjang,1.385545,103.7661474,23.098591549295776,29.718309859154928,2.640845070422535
Giant Edgefield Plains,1,10,"Waterway Banks, 671 Edgefield Plains, Singapore 820671, Singapore",820671.0,Punggol,1.4055435,103.9120056,23.098591549295776,29.718309859154928,2.640845070422535
Chua Seng Dept Store,1,3,"Pet Lovers Centre, 345 Bedok Road, Singapore 469530, Singapore",469530.0,Bedok,1.3313731,103.9473462,23.098591549295776,11.690140845070422,1.73943661971831
Chop Yeo Thong Heng (International Plaza),1,3,"International Plaza, 10 Anson Road, Singapore 079903, Singapore",79903.0,Downtown Core,1.275697,103.845748,23.098591549295776,11.690140845070422,1.73943661971831
Choice Decor Bedok North,1,12,"416 Bedok North Avenue 2, Singapore 460416, Singapore",460416.0,Bedok,1.3284617,103.9306227,23.098591549295776,37.74647887323944,3.042253521126761
China Square Betting Centre - Lottery Lobby (Public),1,1,"51 Telok Ayer Street, Singapore 048441, Singapore",48441.0,Downtown Core,1.2828631,103.8492472,23.098591549295776,3.2394366197183095,1.3169014084507042
Cheers Bedok North Street 3,1,15,"539 Bedok North Street 3, Singapore 460539, Singapore",460539.0,Bedok,1.3316948,103.9257663,23.098591549295776,48.02816901408451,3.5563380281690145
Bukit Merah Betting Centre - Lottery Lobby (Public),1,1,"169 Bukit Merah Central, Singapore 159838, Singapore",159838.0,Bukit Merah,1.2835217,103.8186889,23.098591549295776,3.2394366197183095,1.3169014084507042
B.H. Mini Mart,1,6,"St Andrew's Junior College, 5 Sorby Adams Drive, Singapore 357691, Singapore",357691.0,Toa Payoh,1.3339005,103.8632,23.098591549295776,20.845070422535212,2.1971830985915495
A P Mini Mart,1,7,"119 Potong Pasir Avenue 1, Singapore 350119, Singapore",350119.0,Toa Payoh,1.3350152,103.8631,23.098591549295776,22.676056338028168,2.288732394366197
7-Eleven Upp Thomson Road,1,12,"Opposite Sembawang Hills Food Centre, Upper Thomson Road, Singapore 574416, Singapore",574416.0,Ang Mo Kio,1.3725206,103.8285173,23.098591549295776,37.74647887323944,3.042253521126761
7-Eleven Erskine Rd,1,8,"25 Erskine Road, Singapore 069333, Singapore",69333.0,Downtown Core,1.2809093,103.8452225,23.098591549295776,24.929577464788732,2.4014084507042255
7-Eleven Clementi Street 11,1,7,"Blk 109, 109 Sunset Way, Singapore 120109, Singapore",120109.0,Clementi,1.3221737,103.7705122,23.098591549295776,22.676056338028168,2.288732394366197
7-Eleven Balestier Rd,1,1,"519 Balestier Road, Singapore 329853, Singapore",329853.0,Novena,1.3264948,103.8463065,23.098591549295776,3.2394366197183095,1.3169014084507042
Warriors Football Club (S),0,2,"Canadian International School, Boon Lay Way, Singapore 648164, Singapore",648164.0,Jurong West,1.3466409,103.7274,7.464788732394366,7.746478873239436,0.7605633802816901
Thiam Hoon Traders,0,7,"Blk 124, 01-144 Bukit Merah Lane 1, Singapore 150127, Singapore",150127.0,Bukit Merah,1.2862127,103.8034449,7.464788732394366,22.676056338028168,1.5070422535211268
The Little Plaza,0,1,,,,0.0,,7.464788732394366,3.2394366197183095,0.5352112676056338
Tampines Rovers Football Club,0,2,"Our Tampines Hub, 51 Tampines Avenue 4, Singapore 529684, Singapore",529684.0,Tampines,1.352771,103.940312,7.464788732394366,7.746478873239436,0.7605633802816901
STC Racecourse - Kranji 1,0,1,"39 Sungei Kadut Street 4, Singapore 729238, Singapore",729238.0,Reservoir View,1.421381,103.7475185,7.464788732394366,3.2394366197183095,0.5352112676056338
Singapore Racecourse - MRT Plaza (Public),0,1,"Singapore Turf Club, Woodlands Road, Singapore 738702, Singapore",738702.0,Sungei Kadut,1.424425,103.7617741,7.464788732394366,3.2394366197183095,0.5352112676056338
Singapore Pools Yishun N7 Branch,0,18,"Yishun Avenue 5, Singapore 768794, Singapore",768794.0,Yishun,1.430368,103.8353628,7.464788732394366,57.183098591549296,3.232394366197183
Singapore Pools Woodlands Centre,0,2,"1A Woodlands Centre Road, Singapore 730025, Singapore",730025.0,North Coast,1.4417189,103.7707833,7.464788732394366,7.746478873239436,0.7605633802816901
Singapore Pools Upp Serangoon Branch,0,3,"Upper Serangoon Road, Singapore 534682, Singapore",534682.0,Hougang,1.3576474,103.8824703,7.464788732394366,11.690140845070422,0.9577464788732394
Singapore Pools Rochor Centre Branch,0,1,"1 Rochor Road, Singapore 188425, Singapore",188425.0,Bugis,1.3025558,103.8548721,7.464788732394366,3.2394366197183095,0.5352112676056338
Singapore Pools Lor 4 Toa Payoh Branch,0,16,"85 Lorong 4 Toa Payoh, Singapore 310085, Singapore",310085.0,Toa Payoh,1.3363138,103.848503,7.464788732394366,52.112676056338024,2.9788732394366195
Singapore Pools Jalan Batu Branch,0,16,"7 Kampong Kayu Road, Singapore 431001, Singapore",431001.0,Kallang,1.3025083,103.8836721,7.464788732394366,52.112676056338024,2.9788732394366195
Singapore Pools Commonwealth Crescent Branch,0,11,"116 Commonwealth Crescent, Singapore 140116, Singapore",140116.0,Queenstown,1.3069324,103.8000377,7.464788732394366,33.80281690140845,2.063380281690141
Singapore Pools Changi Rd Branch,0,13,"324K Changi Road, Singapore 419785, Singapore",419785.0,Bedok,1.3179055,103.908016,7.464788732394366,40.985915492957744,2.4225352112676055
Sheng Siong Woodlands Drive 16,0,2,"573 Woodlands Drive 16, Singapore 730573, Singapore",730573.0,Woodlands,1.4309488,103.7985447,7.464788732394366,7.746478873239436,0.7605633802816901
Sheng Siong Tampines Ave 9,0,3,"602B Tampines Avenue 9, Singapore 522602, Singapore",522602.0,Tampines,1.3612331,103.9375882,7.464788732394366,11.690140845070422,0.9577464788732394
Sheng Siong Senja Close,0,1,"643 Senja Road, Singapore 670642, Singapore",670642.0,Bukit Panjang,1.3878715,103.7630773,7.464788732394366,3.2394366197183095,0.5352112676056338
Sheng Siong Sengkang West Avenue,0,5,"455 Sengkang West Avenue, Singapore 790455, Singapore",790455.0,Seng Kang,1.3920742,103.8712149,7.464788732394366,18.732394366197184,1.3098591549295775
Sheng Siong Jalan Berseh,0,4,"New World Centre, 1 Jalan Berseh, Singapore 209037, Singapore",209037.0,Rochor,1.3077714,103.8570934,7.464788732394366,15.352112676056336,1.1408450704225352
Serangoon Avenue 3   Betting Centre - Lottery Lobby (Public),0,1,"322 Serangoon Avenue 3, Singapore 550322, Singapore",550322.0,Serangoon,1.3515054,103.8682342,7.464788732394366,3.2394366197183095,0.5352112676056338
Seng Yeok Chan Agency,0,24,"338 Ang Mo Kio Street 32, Singapore 560338, Singapore",560338.0,Ang Mo Kio,1.3636436,103.848827,7.464788732394366,71.9718309859155,3.9718309859154934
Rangoon Betting Centre - Lottery Lobby (Public),0,4,"Worcester Road, Singapore 218903, Singapore",218903.0,Kallang,1.3132459,103.8525,7.464788732394366,15.352112676056336,1.1408450704225352
Prime Century Square,0,15,"Century Square, 2 Tampines Central 5, Singapore 529509, Singapore",529509.0,Tampines,1.3522704,103.9438833,7.464788732394366,48.02816901408451,2.774647887323944
Poon Long Heng,0,2,"716 Yishun Street 71, Singapore 760716, Singapore",760716.0,Yishun,1.426455,103.827678,7.464788732394366,7.746478873239436,0.7605633802816901
NTUC FP Wisteria Mall,0,3,"Wisteria Mall, 598 Yishun Ring Road, Singapore 768698, Singapore",768698.0,Yishun,1.418208,103.8411267,7.464788732394366,11.690140845070422,0.9577464788732394
NTUC FP VivoCity,0,8,"VivoCity, 1 Harbourfront Avenue, Singapore 098585, Singapore",98585.0,Bukit Merah,1.2648859,103.8221267,7.464788732394366,24.929577464788732,1.6197183098591548
NTUC FP The Woodgrove,0,12,"The Woodgrove, 30 Woodlands Avenue 1, Singapore 739065, Singapore",739065.0,Woodlands,1.42895,103.781124,7.464788732394366,37.74647887323944,2.2605633802816905
NTUC FP Punggol Walk,0,7,"Waterway Terraces, 308B Punggol Walk, Singapore 822308, Singapore",822308.0,Punggol,1.4076875,103.8997453,7.464788732394366,22.676056338028168,1.5070422535211268
NTUC FP Killiney Rd,0,15,"Doctor Jay Medical Center, 113 Killiney Road, Singapore 239546, Singapore",239546.0,River Valley,1.298006,103.8386113,7.464788732394366,48.02816901408451,2.774647887323944
NTUC FP Bukit Timah Plaza,0,11,"Bukit Timah Plaza, 1 Jalan Anak Bukit, Singapore 588996, Singapore",588996.0,Bukit Timah,1.3387468,103.7786758,7.464788732394366,33.80281690140845,2.063380281690141
Majestic Betting Centre - Lottery Lobby (Public),0,1,"2 Leonie Hill Road, Singapore 238372, Singapore",238372.0,Leonie Hill,1.2976902,103.8343,7.464788732394366,3.2394366197183095,0.5352112676056338
Lee Wah TV & Electric Co,0,14,"Asia Hardware PTE LTD, Geylang Road, Singapore 389509, Singapore",389509.0,Geylang,1.3142787,103.8874656,7.464788732394366,43.94366197183099,2.570422535211268
Keppel Credit Union Co-operative Ltd,0,7,,,,0.0,,7.464788732394366,22.676056338028168,1.5070422535211268
Jurong East Betting Centre - Lottery Lobby (Public),0,2,"352 Jurong East Street 31, Singapore 600352, Singapore",600352.0,Jurong East,1.3450286,103.730396,7.464788732394366,7.746478873239436,0.7605633802816901
Holland Drive Betting Outlet - Lottery Lobby (Public),0,4,"14A Ghim Moh Road, Singapore 271014, Singapore",271014.0,Queenstown,1.3088172,103.7902,7.464788732394366,15.352112676056336,1.1408450704225352
Hin Teck Leong Trading Company,0,30,"Little India, Rochor Canal Road, Singapore 188505, Singapore",188505.0,Rochor,1.3078063,103.8522,7.464788732394366,81.97183098591549,4.471830985915493
Hao Mart Westgate,0,1,"Westgate, 3 Gateway Drive, Singapore 608532, Singapore",608532.0,Jurong East,1.3343054,103.7428429,7.464788732394366,3.2394366197183095,0.5352112676056338
Hao Mart Punggol Walk,0,4,"Waterway Terraces, 308C Punggol Walk, Singapore 823308, Singapore",823308.0,Punggol,1.4081951,103.8989122,7.464788732394366,15.352112676056336,1.1408450704225352
Giant Tanjong Katong,0,2,"Joo Chiat Road, Singapore 428820, Singapore",428820.0,Marine Parade,1.3059671,103.9049556,7.464788732394366,7.746478873239436,0.7605633802816901
Giant Buangkok Cresent,0,10,"982 Buangkok Green, Singapore 532987, Singapore",532987.0,Hougang,1.3807848,103.8792652,7.464788732394366,29.718309859154928,1.8591549295774648
Geylang International FC,0,2,"Goodwood Park Hotel, 22 Scotts Road, Singapore 228221, Singapore",228221.0,Orchard,1.3078062,103.8341,7.464788732394366,7.746478873239436,0.7605633802816901
Food Republic i12 Katong,0,2,"i12 Katong, 112 East Coast Road, Singapore 428802, Singapore",428802.0,Marine Parade,1.3052934,103.9051599,7.464788732394366,7.746478873239436,0.7605633802816901
Choice Decor Co-Operative Society Ltd,0,18,"28 Sin Ming Drive, Singapore 575624, Singapore",575624.0,Bishan,1.3569044,103.8364,7.464788732394366,57.183098591549296,3.232394366197183
China Square Betting Centre - Level 2,0,1,"51 Telok Ayer Street, Singapore 048441, Singapore",48441.0,Downtown Core,1.2828631,103.8492472,7.464788732394366,3.2394366197183095,0.5352112676056338
Cheers Woodlands Centre,0,4,"50 Woodlands Industrial Park D Street 2, Singapore 738799, Singapore",738799.0,Kranji,1.4342695,103.7679,7.464788732394366,15.352112676056336,1.1408450704225352
Cheers Northshore Plaza II,0,3,"Northshore Plaza II, 418 Northshore Drive, Singapore 820418, Singapore",820418.0,Punggol,1.417666,103.9013141,7.464788732394366,11.690140845070422,0.9577464788732394
Cheers Maude Rd,0,2,"65 Maude Road, Singapore 208510, Singapore",208510.0,Lavender,1.3080797,103.8582491,7.464788732394366,7.746478873239436,0.7605633802816901
Bedok Betting Centre - Lottery Lobby (Public),0,3,"New Upper Changi Road, Singapore 460223, Singapore",460223.0,Bedok,1.3236038,103.9273405,7.464788732394366,11.690140845070422,0.9577464788732394
Balestier Khalsa Football Club,0,5,"Giffard Mansion, Balestier Road, Singapore 329832, Singapore",329832.0,Novena,1.3260311,103.8492,7.464788732394366,18.732394366197184,1.3098591549295775
7-Eleven Tai Thong Crescent,0,5,"25 Tai Thong Crescent, Singapore 347857, Singapore",347857.0,Toa Payoh,1.3290505,103.8696971,7.464788732394366,18.732394366197184,1.3098591549295775
7-Eleven Kim Tian,0,1,"126C Kim Tian Road, Singapore 160121, Singapore",160121.0,Bukit Merah,1.2824863,103.8291805,7.464788732394366,3.2394366197183095,0.5352112676056338
7-Eleven Esplanade MRT Station,0,5,"South Beach Avenue, Esplanade Xchange, Singapore 189560, Singapore",189560.0,Downtown Core,1.2940432,103.8554093,7.464788732394366,18.732394366197184,1.3098591549295775
